brand,text
Honda,"Hondas are generally affordable, reliable, and fuel-efficient, with intuitive controls and good driving characteristics. Its SUVs and sedans are usually near the top of Consumer Reports’ ratings for road tests and predicted reliability. Many Hondas have earned Consumer Reports recommendations. Used Hondas also score near the top of our reliability rankings for 5- and 10-year-old vehicles, making it a brand worth considering for options under $20,000. Honda’s SUVs include sub-compact models like the HR-V and compact CR-V, one of the best-selling SUVs in North America. The two-row Passport and three-row Pilot are larger options. Honda’s sedans include the compact Civic and the midsized Accord. Honda also makes the Odyssey minivan and the Ridgeline, a midsized pickup truck. For buyers seeking fuel efficiency, several of the most popular models are available with hybrid powertrains that get competitive mpg figures and are pleasant to drive."
Toyota,"Toyota mostly fulfills its reputation for building efficient and exceptionally reliable vehicles. Most of their models do well in our testing, thanks to their impressive fuel economy, comfortable rides, quiet cabins, and ease of getting in and out. All of this makes Toyotas among the best options for used vehicles. The brand was a hybrid pioneer, starting with the original Prius. Toyota has evolved and expanded that technology, and most vehicles in its lineup are available as a hybrid. Toyota also sells a number of plug-in hybrids, which were once called Prime but are now simply referred to as Plug-in. The company also knows how to add a dose of excitement into its lineup. The GR86, GR Corolla, and Supra are legit, fun-to-drive sports cars. However, some models we’ve tested have been disappointing. The company’s EV, the bZ4X SUV, is mediocre."
Subaru,"Subaru is known for no-nonsense SUVs with standard full-time all-wheel drive. Its cars frequently rank near the top of Consumer Reports’ Owner Satisfaction and reliability ratings, making some used Subarus a good choice. Along with all-wheel drive, Subarus are known for using a “boxer” style four-cylinder engine with opposing pistons that move horizontally. The design reduces vibration and gives the vehicle a low center of gravity. No Subaru would be considered luxurious, but most have options like heated seats and leather upholstery. Unfortunately, blind spot warning (BSW) and rear cross traffic warning (RCTW) are often optional, so buyers must pay extra for important safety features. Subaru hasn’t offered a hybrid since the plug-in hybrid Crosstrek was discontinued in 2024. The Solterra, a pure EV based on the Toyota bZ4x, charges slowly and has short range. Popular sports cars like the WRX and BR-Z show the brand’s wilder side."
Jeep,"The Jeep Wrangler has poor fuel economy, wind noise, an uncomfortable interior, and reliability scores near the bottom of Consumer Reports’ rankings. Despite those results, the Wrangler has been popular for decades. Next to endless options of aerodynamic compact SUVs, its boxy, military-inspired design makes it timeless and charming. It’s also especially capable off-road, and is available as a pickup truck. The Wrangler’s rugged appeal benefits the rest of Jeep’s lineup of small, medium, and large SUVs. The Cherokee and Wagoneer, despite their name’s historical appeal, usually score low on Consumer Reports’ customer satisfaction surveys. However, shoppers drawn to the Jeep name who are comfortable with sacrificing handling and fuel economy for three-row capacity can consider the Wagoneer and Grand Wagoneer. Low reliability scores across the brand make it difficult to recommend buying a used Jeep."
BMW,"BMW’s sedans and SUVs regularly earn CR’s recommendations for packing industry-leading comfort and technology into vehicles that are agile, quick, and even fuel efficient. Among luxury brands like Lexus, Mercedes-Benz, Lincoln, and Land Rover, BMW’s SUVs often rank near the top of their category. Models like the X5 are remarkable for having powertrains that accelerate quickly while also managing above-average fuel efficiency. Some BMWs can be bought as plug-in hybrids, with useful electric-only range, or in performance trims, with more powerful engines and stiffer suspensions. BMW’s growing roster of EVs also generally rank high in our tests. Like most luxury cars from European manufacturers, BMWs fall on the expensive side of our assessments of maintenance and repair costs, but some specific models are a good option to buy used. However, shoppers considering a preowned BMW should opt for warranties or budget for repairs."
Mazda,"Most Mazdas are affordable, fun to drive, and look good inside and out. Many of its crossovers, SUVs, and sedans have earned Consumer Reports’ recommendations and above-average reliability ratings. Used Mazdas are usually a good option for an affordable pre-owned car. Mazda’s two- and three-row SUVs, identified by CX in the name, are consistently near the top of our ratings. Some Mazdas are available as plug-in hybrids that are capable of useful amounts of electric-only driving range. Most Mazdas achieve solid, but not exceptional fuel economy. Though sports cars are less popular now than decades before, Mazda still sells the MX-5 Miata, one of the best of the few remaining enthusiast cars."
Tesla,"Tesla’s EVs balance range, performance, and price in ways that older, established manufacturers can rarely beat. Models range from affordable sedans up to an SUVs and a pickup truck that can be optioned to cost over $100,000. One major advantage that Teslas have over other EVs is the company’s Supercharger network of charging stations. Unlike most public EV chargers, which can require brand-specific apps and accounts, in a Tesla, charging is comparatively seamless. Its software updates can provide meaningful upgrades. After a poor result in our braking test, an update reduced our Model 3’s 60-to-0 braking distance from 152 feet to 133 feet. Brand-wide issues include unintuitive controls that rely on touchscreens, average or below-average reliability, and build quality that is below what Consumer Reports finds in similarly priced EVs. Those factors can make purchasing a used Tesla a gamble."
Dodge,"Until recently, Dodge was known for building outrageous high-performance muscle cars, including the Challenger and Charger, with brashly named trims—Hellcat, anyone? Dodge is still finding its footing during the transition to electrification and stricter emissions laws, with plans for electrified and turbocharged muscle yet to materialize in dealerships. The Hornet compact SUV is based on the Alfa Romeo Tonale, and is available as a plug-in hybrid. The Durango SUV soldiers on, largely unchanged from 2011 and still based on the same design as the 2011-2022 Jeep Grand Cherokee. Most alarmingly, it lags behind more modern vehicles in crash tests. Dodge sits near Chrysler at the bottom of our used car reliability rankings."
Ford,"Among Ford’s SUVs and pickups, the smallest options usually earn our highest ratings. Consumer Reports has recommended the Mustang Mach-E EV, the thrilling Mustang coupe and convertible, and the Maverick, a small pickup truck available with a hybrid powertrain. Most other vehicles, however, score low in our road tests and have average to below average reliability. With some exceptions, used Fords can be a risk. The Ford F-150 pickup combines true truck capabilities with quiet, roomy cabins, making it one of the best-selling vehicles in the U.S. However, our tests found that recent F-150s have a stiff ride, unresponsive handling, and below average reliability. The Lightning, an EV version of the F-150, drives better and is faster than its gasoline equivalent. The Bronco SUVs has exceptional off-road ability and classic boxy styling, but suffers from issues like wind noise and long stopping distances."
Chevrolet,"Chevrolet sells a wide range of sedans, coupes, compact SUVs, large SUVs, EVs, and pickup trucks. Most models have roomy interiors and come with standard safety and convenience technology. Several models, however, have poor visibility and lack steering agility. Many Chevrolets rank average or below average for reliability in CR’s rankings. The brand stands out for selling historically significant and category-defining vehicles. The Suburban and Tahoe can keep three rows of passengers comfortable within their enormous cabins. The Silverado pickup truck competes with the best-selling Ford F-150 and Ram 1500 by balancing interior comfort with towing and cargo capability. In the past and today, the Camaro and Corvette are performance car bargains. The rear/mid-engined “C8” Corvette can be as thrilling as much more expensive European supercars. With some exceptions, used Chevrolets can have reliability issues, but are often less expensive to maintain and repair than competitors."
Honda,"For the fourth year running, Honda is the Best Car Brand due to the continued strength of its stalwart nameplates, the Civic and Accord. The Civic remains one of the most well-rounded cars in the compact car segment. It has a comfortable, intuitive interior and good fuel economy ratings. It’s practical as well, with excellent cargo capacity in the hatchback body style. To top it all off, it’s a nice car to drive as well, boasting good ride quality and handling characteristics. If you’d like to spend less time and money at the gas station, then the Civic Hybrid maintains all of the standard Civic’s qualities while increasing efficiency up to 49 miles per gallon in combined driving. If instead you’d like to dial up the spice level of your daily drives, the high-performance Civic Type R has earned a reputation as one of the best front-wheel-drive performance vehicles available to buy.
"
Toyota,"Where's the medal for most improved? Personal growth is an underrated superpower that’s perfectly exemplified by the 2024 Toyota Prius Prime we spent a year driving. After its snoozy beginnings as a sedan with slug-like acceleration, the Prius solidified a reputation for trouble-free high-mpg motoring at the expense of everything else. "
Subaru,"When Subaru pulled the wraps off its freshly redesigned Forester compact SUV late in 2023, we were happy with what we saw. The junior ute’s improved handling, powertrain, and tech helped us get back on track after we took a wrong turn on our First Drive of the gas model. Testing for MotorTrend’s 2025 SUV of the Year revealed the new Forester is plenty capable off the beaten path (like a proper Subaru should be) but could use a touch more grunt. We’ve even taken delivery of a 2025 Forester for a long-term review to get a better sense of the ownership experience."
Jeep,"The best Jeeps become part of your family, your stories, and your life. You slap stickers on them. Fill the dash with rubber duckies. Look for excuses to bring them along on your next adventure. They’re usually charmingly flawed—from the underpowered Renegade to the poor-on-pavement Wrangler—but their idiosyncrasies become personality traits you learn to appreciate for what they are. Try as we might to capture that feeling with our yearlong review 2023 Jeep Wagoneer Series II, this, the biggest of Jeeps leaves the MotorTrend Garage after a year and change as a relentlessly competent three-row SUV but not exactly a charming Jeep."
BMW,"We think the 2025 330i is more than well-rounded enough for anyone looking to get into a quality, entry-level luxury sport sedan. For conquering the everyday, it delivers comfortable seating, a huge trunk, premium touches, and improved fuel economy. The base model’s performance isn't an embarrassment, either, and it’s pretty dang fun to drive."
Mazda,"Our long-term 2025 Mazda CX-70 has been in our fleet for about three months, and so far, it’s proving to be a solid road-trip warrior. It tackled a long haul to Texas and back over the holidays without breaking a sweat and has served as a trusty chariot for multiple interstate adventures, effortlessly shuttling our families in comfort and confidence. While we’ve been pleased with its long-distance performance and comfort, we’ve noticed there’s room for improvement in its behavior around town—particularly in its infotainment system and low-speed refinement, where it doesn’t quite hit Mazda’s usual high bar."
Tesla,"Tesla has a reputation for building some of the longest-range EVs on the market, but that's almost entirely based on EPA estimates. The reality is that the Model 3 Dual Motor delivered aMotorTrendRoad-Trip Range of 258 miles—a whopping 28 percent below the official range number. That's 100 miles less than buyers might be expecting, so it's no surprise Tesla has been accused of intentionally displaying inaccurate ranges in vehicles to match original estimates."
Dodge,"In terms of the most American vehicles on the road today, Dodge practically has the market cornered. (And no, we're not talking about something lame, like parts content. Just pure, unadulterated 'Merican attitude, approach, and charisma.) The brand churns out tire-smoking freedom machines, stuffed—though not for long, which we'll get to—with hairy-chested Hemi V-8s that scream a combustion-powered riff on America the Beautiful through fat exhaust pipes the size of M777 barrels. They're the vehicular equivalent of Macho Man Randy Savage riding a velociraptor to the top of the Statue of Liberty while firing Mountain Dew, Bowie knives, and Lee Greenwood cassettes out of a bazooka."
Ford,"It’s no secret we love the Ford Maverick. It was a Truck of the Year finalist its debut year, and truth be told, it nearly won the whole thing. Judges’ notes from that year overflow with effusive praise and few complaints. Now the refreshed 2025 Ford Maverickmeans there’s even more to love and even less to nitpick."
Chevrolet,"We’ve said this before, and it bears repeating: The 3.0-liter Duramax-powered Silverado 1500 ZR2 is quite possibly the best all-around off-road-focused half-ton pickup produced to date. It’s a bold statement, sure. But living with the truck for a year has only made us more confident in our view. While other options exist in the space, they’re often one-trick ponies that excel greatly in a single area but sacrifice all the other attributes that make a truck great. The Silverado ZR2, with its diesel engine, offers remarkable fuel economy, a superb highway ride, outstanding high-speed desert off-road performance, and the most comprehensive suite of rock and trail hardware, and it still tows and hauls as a half-ton truck should."
Honda,"Overall, Honda has done an impressive job morphing the Passport into a better box that captures the spirit and style of today’s SUVs without compromising its core capabilities as a practical, suburban family hauler. Someone should tell the engineers they’ve made their point; the TrailSport models are credible light-duty off-roaders, and the Passport has more ability than anyone would reasonably use. Now that they've started down this path, though, it might not be possible to rein them in."
Toyota,"Yes, you can match the EPA’s 39–44-mile electric only range figure listed for the 2024 Prius Prime plug-in hybrid models. You’ll end up plugging in more than you ever would with an EV, but the bottom line is you’ll save money as opposed to operating a purely gas-powered car. Plug-in hybrids are still for a very specific type of buyer, but if the conditions are right, hitting the EPA-rated electric range with a Prius PHEV is absolutely possible."
Subaru,"A long-standing criticism of Subaru has revolved around the decidedly underpowered engines it uses to propel many of its vehicles. While that remains an issue for the Outback’s 2.5-liter naturally aspirated boxer base engine, the Touring XT we tested was motivated by Subaru’s 2.4-liter turbocharged boxer-four making a healthy 260 horsepower and 270 lb-ft of torque. Acceleration proved more than adequate, even during highway driving and passing. Additionally, the Outback’s standard AWD kept the vehicle and us safe on the snowy and icy Michigan roads we encountered."
Jeep,"We started out our year with our Wagoneer wondering why Jeep took so long to take on the venerable Tahoe/Suburban and the rivals they spawned from GMC, Ford, Toyota, and Nissan. After living with the Wagoneer for a year, we’re disappointed with the result. That’s not to say the Wagoneer is in any way a bad vehicle—quite the opposite, as the above attests—but it lacks any sort of unique selling proposition. Some of its rivals are more off-road capable or more comfortable with a trailer in tow. Others are more stylish and more affordable. "
BMW,"The M2’s great steering helps in that regard, too. Its effort is lighter than you’d expect given how fast the nose reacts to your inputs, but once you’re used to its responsiveness, it’s easy to place the BMW where you want it. The M2’s exceptional brakes inspire confidence on new-to-us roads, as well."
Mazda,"The 2025 Mazda CX-5 2.5 S Carbon Edition represents the pinnacle of non-turbocharged CX-5, and looked at that way, it’s every bit the range-topper you’d expect. We’re just not sure why it exists when there’s the entire other half of the CX-5 lineup with turbocharging. Its only major shortcoming, power, is solved by the more powerful CX-5 Turbo Carbon Edition that only costs about $3,800 more. If you’re someone who wants to save every penny and is more concerned with style, comfort, and convenience than performance, then the non-turbo CX-5 Carbon Edition is a decent choice. "
Tesla,"Here again, we must note that all autonomous-aspiring vehicles struggle with the weather to some degree. Teslas, however, are uniquely susceptible to the problem due to their total reliance on cameras. Competitors address the issue with other sensors, like radar, which isn’t affected by fog. "
Dodge,"Amidst the sheer volume of vehicles swarming the subcompact and compact SUV segments, the 2023 Dodge Hornet GT manages to stand out. This isn't your average worker bee SUV genetically coded for a life of commuting and soccer-practice shuttles. With its performance focus, great in-car technology, and aggressive styling, the Hornet is built for those who long for something more interesting than the typical small SUV."
Ford,The 2024 Ford F-150 Raptor remains one of the top factory off-road trucks you can buy today. 
Chevrolet,"You’re looking at an endangered species: Chevrolet’s hulking Tahoe, freshly refreshed for the 2025 model year, is the last full-size SUV you can buy with a V-8 engine."
Honda,"The 2025 Honda Civic Hybrid is a welcome newcomer to the hybrid car segment, offering a wealth of features that establish it as a top contender. It combines impressive pep, attractiveness and fuel efficiency, making it an appealing choice for shoppers."
Toyota,"The 2025 Toyota Prius features a sleek design and a hybrid powertrain that enhances performance while achieving excellent fuel economy. With a modern interior and user-friendly technology, it offers a practical yet stylish option for daily driving."
Subaru,"Fresh off of a 2024 redesign, the 2025 Subaru Impreza has a lot to offer in terms of cabin space and handling thanks in part to its standard all-wheel drive. This Subaru isn’t as quick or snazzy as some of its top competitors, but the Impreza is a solid choice in the compact car class."
Jeep,"The 2025 Jeep Wrangler isn't as accommodating in everyday driving as most rivals. Its cabin isn't as comfortable, and its ride quality isn't as smooth. However, it shines when taken off-road and is the best vehicle in its class for hardcore trail-busting."
BMW,"While the 2025 BMW 3 Series has fewer standard safety features than some rivals, it excels in most other areas. Its handling switches easily from sporty to refined, its cabin is impeccable, and it boasts one of the biggest trunks in its class."
Mazda,"The 2025 Mazda CX-30 offers excitement that few others in the subcompact SUV class can match. Available turbo power delivers, on top of its excellent handling and stunning styling. Though rear legroom and cargo space are at a premium compared to the competition, the CX-30 is still a compelling choice for consumers."
Tesla,"The 2025 Tesla Model 3 delivers electrifying speed and tackles corners with confidence, and its high-tech cabin is as modern as it is minimalist. It’s not the last word in all-electric compact luxury, but with its stellar range and high-voltage performance, this Tesla leads the charge as a frontrunner among EVs"
Dodge,"The 2025 Dodge Durango enters the 15th model year of its current generation as the last of the brand’s gasoline-powered muscle cars. As a midsize SUV, its strongest selling points are engine choices and towing capacity, but it charges extra for key safety features that are standard on many competing models."
Ford,"The 2025 Ford Bronco Sport is a unique – and uniquely capable – little SUV with ample interior space, solid off-roading abilities and a well-built, if rather spartan, interior. It trades some ride comfort and on-road performance for off-road prowess, but the baby Bronco is still an impressive and well-rounded SUV."
Chevrolet,"The 2025 Chevrolet Blazer is a competent and functional SUV with sporty styling, but in a class full of standout vehicles, the Blazer fails to make a splash beyond its looks. Two powerful engine options and fun handling improve the experience, but disappointing interior quality and a lack of cargo space bring down the overall package."
Honda,"2025 Best Car Winner: Honda is a Japanese automaker that primarily competes with Toyota, Ford, Hyundai, and Nissan. Honda sells a wide range of vehicles, including SUVs like the CR-V and HR-V, as well as sedans like the Accord. Other Honda models include the family-friendly Odyssey minivan and the Ridgeline compact pickup truck. There are also sport-oriented options, such as the Civic Type R hatchback."
Toyota,"Japanese automaker Toyota is one of the largest car brands in the world. Toyota has a reputation for great safety and predicted reliability, and it has an extensive lineup of vehicles, ranging from the subcompact Yaris to full-size trucks like the Toyota Tundra and the Sienna minivan. There are numerous Toyota SUVs too, from the small C-HR to the large Land Cruiser. Some of Toyota’s main competitors include Honda, Ford, Chevrolet, and Hyundai."
Subaru,"Japanese automaker Subaru is an automotive brand known for making all-wheel drive standard across most of its lineup, including the Impreza, Crosstrek, and Ascent. Many of its vehicles also get solid safety ratings. Subaru competes with Honda, Mazda, and Toyota."
Jeep,"Jeep’s lineup consists exclusively of rugged off-roading SUVs and crossovers, including the iconic Wrangler. Jeep also makes a few models that are more comfort-oriented, such as the Renegade and the high-end Grand Cherokee."
BMW,"BMW is a German automaker that designs sedans, wagons, coupes, convertibles, and SUVs that make for an engaging driving experience. BMW also designs high-performance models represented by the “BMW M” moniker, such as the M5. Additionally, there are a few electric BMW models such as the i3 hatchback. Models from Mercedes-Benz and Audi rival BMW on the performance front, while Lexus challenges it for luxury and refinement."
Mazda,"Mazda is a Japanese car company that sells cars and SUVs in the United States. With a full line of mainstream models that range from subcompact cars to full-size SUVs, Mazda sets itself apart from its competition with a focus on zippy, engaging performance. The Mazda MX-5 Miata is one of the best-selling sports cars in automotive history. Mazda’s competitors include Honda, Nissan, Kia and Mini."
Tesla,"California-based automaker Tesla makes electric cars and SUVs. Many of these EVs feature high-tech equipment and partially automated self-driving technology. Tesla releases downloadable over-the-air updates that frequently include new or improved features. Teslas also have some of the longest ranges of any electric vehicle, with cars like the Model S and Model 3 eclipsing 300 miles. Tesla’s SUVs, like the Model X and Model Y, have similar ranges. The brand’s battery-electric supercar, the Tesla Roadster, has a massive range as well."
Dodge,"Dodge is part of Fiat Chrysler Automobiles (formerly FCA, now Stellantis), along with Jeep, Ram, Fiat, Maserati, Alfa Romeo, and Chrysler. This American brand mainly sells muscle cars and SUVs; its truck lineup is sold under the Ram moniker. Dodge vehicles tend to deliver ample horsepower, with a huge array of engines powering a similarly huge trim lineup. These include SRT Hellcat sedans and SUVs that feature supercharged Hemi V8 engines. Ford and Chevrolet are Dodge’s main rivals."
Ford,"American automaker Ford hardly needs an introduction. While many of the brand’s cars have been discontinued, including the Fiesta and C-Max, there are still plenty of vehicles in Ford’s lineup. These include the iconic Mustang, as well as small crossovers like the Escape and full-size vehicles like the Expedition. Ford also has some notable trucks, including the Ranger and the F-150, which is the best-selling pickup in the United States. Ford competes with Toyota, Chevrolet, and Dodge."
Chevrolet,"American car company Chevrolet is one of the brands making up General Motors, alongside Buick, Cadillac, and GMC. Chevy produces many family-friendly, all-purpose vehicles, and its lineup includes cars and SUVs of all sizes, including electric vehicles like the Bolt EV and fun-to-drive sports cars like the Camaro and Corvette. Chevy also has some well-known trucks, like the Silverado pickup, as well as full-size SUVs like the Tahoe and Suburban. There are also smaller models, like the Equinox SUV and Impala sedan. Vehicles from Chevy are usually loaded with standard features and compete with models from Honda, Toyota, and Ford."
Honda,You're going to find a lot to like with the 2025 Honda Civic. It's available as a roomy sedan or practical hatchback and offers a lineup of engines that provide either high mpg or sporty performance. Pricing might be a concern — the Civic is one of the more expensive models in its class — but overall we think you're getting a solid return on your purchase.
Toyota,"The latest 2025 Toyota Camry now has an all-hybrid lineup and it makes perfect sense for this moment. Besides its great mpg, the Camry has a roomy and comfortable cabin, many helpful technology features, and just enough athleticism and style to make it not boring. It's a great pick for a midsize sedan."
Subaru,"The 2025 Outback does all the work of an SUV better than most SUVs but without any pretense. It combines a station wagon's practicality, comfort, easy-driving character and fantastic outward visibility with the ground clearance, ride compliance and all-weather sure-footedness of an SUV. We have our complaints, ranging from the anemic engine to the frustrating infotainment screen, but there are more strengths than weaknesses.Read full review"
Jeep,"The 2025 Jeep Wrangler embodies the classic Jeep spirit, placing a strong emphasis on off-road capabilities and the joy of driving with the top down. There are a lot of practical drawbacks to owning a Wrangler, but it's a great choice for those who seek adventure beyond smooth pavement."
BMW,"The 2025 BMW X5 boasts a classy-looking cabin, plenty of upscale features and pleasing performance. A variety of engines are also available to appeal to the power-hungry and fuel-conscious alike. There are some drawbacks, such as controls that are difficult to use, but overall the X5 is one of the most appealing midsize luxury SUVs on the market."
Mazda,"The 2025 Mazda CX-5 remains one of the best small SUVs around. It offers a high-quality interior, sharp handling and a competitive price. It comes up just a bit short in terms of rear passenger space, cargo capacity and fuel economy, but overall it's an outstanding vehicle in its class."
Tesla,"The 2023 Tesla Model S Plaid is the Usain Bolt of the car world. Line it up at a drag strip and it'll outsprint pretty much anything on the road today. The Model S' hatchback practicality and access to Tesla's Supercharger network are big pluses too. Unfortunately, the Model S also has some big drawbacks, such as a frustrating interface (the steering yoke, specifically) and disappointing fit and finish"
Dodge,"In many ways, the new Dodge Charger represents a massive improvement over the previous Charger. The car's handling and interior are far superior to the old model's, and the available 670 horsepower and all-wheel drive make it a potent performer on the street. However, the Charger's high cost, love-it-or-hate-it soundtrack, and lack of sophistication give it an uphill battle against more established EV rivals."
Ford,"The Ford F-150 performs well in everything we expect from a truck, especially when it comes to towing and hauling. A competitive base price and a wide array of options and configurations mean there's likely an F-150 for any full-size truck buyer's needs."
Chevrolet,"The 2025 Chevrolet Suburban swallows passengers and cargo while offering a smooth ride, powerful engine options, and an impressive list of tech features. But make no mistake: This is a massive vehicle that's difficult to maneuver in tight spaces. Also, be prepared for some sticker shock once you get into the higher trim levels."
Honda,"The 2025 Honda Accord stands out with its roomy seating, big trunk and easy-to-drive nature. It also gets high mpg if you get an Accord with its available hybrid powertrain. Some aspects about the car can seem dull or behind the times, but overall the Accord is a smart pick for a sensible sedan."
Toyota,"The 2025 Toyota Prius is more than just an easy-to-drive, ultra fuel-efficient hatchback. This hybrid also packs in a lot of helpful features and is far more fun to drive than you might expect. The only real demerits are a cramped rear seat and a small trunk."
Subaru,"Subaru leverages its strengths with the 2025 Impreza. This all-wheel-drive hatchback is all about practicality and all-weather utility. Its basic cabin and tepid performance keep it from competing with the best compacts in those areas, but it's a solid value if you need utility and space."
Jeep,"The 2025 Jeep Grand Cherokee is comfortable around town and plenty spacious. It's also well suited for towing or the occasional off-road excursion. The downside is value. The Grand Cherokee gets expensive as you add features, many of which come standard on rivals."
BMW,The 2025 BMW 3 Series is one of the finest small luxury sedans you can buy. It's enjoyable to drive and offers many helpful convenience and technology features. Just be aware that many of the car's advanced driver aids are optional and not standard equipment like they are on some competing sedans.
Mazda,"The 2025 Mazda 3 strengths won't be found on a spec sheet — utility, fuel economy and drivability all fall around average, for instance. But the 3's distinctive style and refinement make it more enjoyable to drive and own than most other small hatchbacks."
Tesla,"The 2026 Tesla Model Y has a comfy interior for passengers and lots of space for your stuff. It's decently fun to drive, too, with quick acceleration and over 300 miles of driving range. The Y's advanced driving features that can significantly reduce the tedium of driving are icing on the cake. We think the updated Y is one of the best electric SUVs you can buy overall."
Dodge,"The 2025 Dodge Durango might not appeal to a broad audience, but its performance and practicality are certainly impressive. Acceleration is strong with the Durango's available V8 or supercharged 710-hp V8. Towing capability is also robust. But what you get in capability you lack in refinement and up-to-date tech features."
Ford,"Thanks to quick acceleration and stable handling, the 2025 Ford Explorer is way more fun from behind the wheel than any three-row SUV needs to be. It also has some great technology features, especially its big touchscreen available hands-free driver assist system. Just know that a lack of passenger space, especially in the third row, makes the Explorer less family-friendly than its competitors."
Chevrolet,"The 2025 Chevrolet Silverado 1500 stays true to its old-school roots, and the latest updates to the interior and technology do a lot to help this truck be more competitive against its full-size rivals. But lackluster comfort and value keep it from being a top pick."
Honda,"Honda has a well-deserved reputation for making well-built, well-engineered cars, and that holds true across its entire lineup. Fuel-efficient and spacious, most Hondas are both enjoyable to drive and boast solid reliability. The mid-size Accord family sedan, a longtime 10Best award winner, is Honda's bread and butter. Honda knows how to have fun, too, with models such as the exciting and sporty Civic Si and the hot-hatch Civic Type R. The practical CR-V compact SUV is its most popular offering. Honda also offers more offbeat models such as the versatile Ridgeline pickup and family-friendly people haulers such as the Odyssey minivan and the Pilot SUV."
Toyota,"Toyota offers a wide range of legendarily reliable vehicles, ranging from the GR86 sports car to the three-row Highlander. The company's most exciting model is easily the Supra sports car, but the rest of the lineup is rather tame. The Camry is one of the better mid-size sedans you can buy, while the Tacoma has a well-earned reputation for being a sturdy pickup that isn't afraid to get dirty. The Corolla is a great choice for those seeking economical transportation, but when it comes to fuel economy the Prius hybrid is king."
Subaru,"Subaru succeeds because it knows exactly what its customers want: rock-steady reliability paired with the all-weather assurance of all-wheel drive. The compact Crosstrek offers an outdoorsy vibe in a small package. The Forester SUV has room for five and ample ground clearance for off-road adventures. If you need more space, the Ascent SUV has the same ground clearance and room for up to eight. The popular Outback wagon is the rugged car alternative in the lineup. If you have a need for speed, however, check out the rally-bred Subaru WRX."
Jeep,"The legendary Jeep Wrangler exemplifies the company's off-road pedigree, and we think it's one of the best mid-size SUVs available today. Meanwhile, the Jeep Cherokee and the Jeep Grand Cherokee are popular nameplates that boast more accessible attributes. The Gladiator merges the Wrangler's off-roading skills with the utility of a pickup. All Jeep models offer trail-ready equipment that encourages exploration."
BMW,"Forget what you think you know about BMW being the ""Ultimate Driving Machine"" brand—those days are fading fast. The automaker has lost its way in recent years, prioritizing luxury and in-car technology versus satisfying driving characteristics and cars that communicate road feel and handling nuance to their drivers. Sure, if you look hard enough, you can find BMWs that live up to the hype—we're looking at you, 2-series and M2—but something clearly is amiss when the brand's X3 and X5 SUVs drive better than some of its cars. However, the latest 3-series has earned its way back into our good graces and currently sits atop its segment."
Mazda,"Mazda manages to build vehicles that drive extremely well, look really great, and are still priced reasonably. The Japanese automaker boasts a beautiful lineup that encompasses everything from the fun-loving MX-5 Miata sports car to the family packing CX-9 three-row crossover. While the industry shifts away from sedans, the zoom-zoom brand makes terrific renditions such as the compact Mazda 3, which provides enthusiastic driving characteristics."
Tesla,"Almost on its own, Tesla has proven that electric vehicles can be desirable, combining outstanding performance and high-tech interiors with usable driving range. The Model X crossover has room for up to seven. It’s also the most expensive Tesla, featuring the unique Falcon Wing doors. You have your pick of two sedans: the larger, more expensive Model S is a hot rod. The smaller, less pricey Model 3 Performance isn’t far behind. The company has also revealed its wildly styled pickup truck, the Cybertruck."
Dodge,"Dodge has historically traded on on old-fashioned American values such as size, power, and style. Today the brand is shifting to more modern tech."
Ford,"Ford has been an important part of automotive history for more than a century. Its own history centers around iconic models such as the hot-selling F-150 pickup and the sporty Mustang pony car. The Blue Oval brand stopped producing sedan and hatchback models such as the Focus and the Taurus in favor of SUVs and crossovers. It's now rolling out attractive redesigns of popular SUVs such as the Bronco Sport and the Explorer. The lineup also includes the compact Maverick pickup and the mid-size Ranger, but the latter lacks the refinement found in competitors,"
Chevrolet,"As a full-line automaker fielding a diverse product lineup, many of its vehicles are also available from other General Motors brands. Typically, the Chevrolet versions of these vehicles—which also can be had as GMCs, Buicks, or Cadillacs—are the least expensive and most mainstream. That said, Chevy offers the most comprehensive lineup of the GM brands, with dealerships that carry everything from the Spark minicar to the 10Best Cars-winning Corvette sports car to the Silverado full-size pickup; with plenty of SUVs in between. Most Chevrolets offer comfortable rides, but their interior quality mostly remains behind most competitors."
Honda,"Permanently linked to household names like the Accord and Civic, Honda is renowned for making reliable, efficient, and easy-to-drive vehicles. While it still offers traditional cars and the Odyssey minivan, the emphasis is clearly in favor of SUVs, a range that includes the subcompact HR-V, benchmark CR-V, 2-row Passport, and 3-row Pilot. Honda also embraces hybrids, adding a CR-V model in addition to its Accord Hybrid and Clarity PHEV."
Toyota,"Based largely on a stellar record of reliability, Toyota is a go-to choice for lots of new-car buyers, and it nurtures that following by creating a wide variety of cars, trucks, and SUVs. The midsize Camry and compact RAV4 crossover SUV are among the most popular vehicles in America. Toyota also burnishes its environmental reputation with a series of hybrids beyond the Prius. These vehicles include the all-hybrid Venza SUV and Sienna minivan."
Subaru,"A commitment to safety, a compelling record of reliability, and a dedication to popularizing all-wheel drive have helped Subaru become a household name in America. Half the Subaru lineup is SUVs, from the affordable Crosstrek to the 7-passenger Ascent, bolstering the automaker's fortunes. Performance is on the menu, too, in the form of the rear-drive BRZ sports coupe and the legendary rally-inspired WRX and WRX STI sedans."
Jeep,"Jeep defines itself with the legendary Wrangler, an easy choice for hardcore off-roaders. And now, the Gladiator borrows the Wrangler's surefootedness and throws in the versatility of a midsize pickup truck. Grand Cherokee adds 3-row capability, while an all-new Wagoneer and Grand Wagoneer will be the ultimate 3-row Jeeps. Buyers seeking more affordable models can choose the capable Cherokee, compact Compass, or rugged, little Renegade."
BMW,"Technology and performance define BMW's roster of cars and SUVs, anchored by the popular 3 Series and 5 Series sedans and the X3 and X5 SUVs. BMW adeptly slices and dices its core offerings into a range that includes coupes and convertibles, like the 4 Series, as well as fastback SUVs called Sports Activity Coupes. M performance models, plug-in hybrids, and electric vehicles round out the lineup."
Mazda,"For weekend racers and casual driving enthusiasts alike, Mazda has always been a familiar name thanks to a sporting heritage built on the reputation of cars like the MX-5 Miata. That performance DNA spreads over all Mazda models -- including the Mazda3 and Mazda6 cars, CX-3, CX-5, CX-9 models, and its newest entry, the CX-30 small SUV. Every Mazda is among the most enjoyable to drive choices in their respective segments."
Tesla,"Electric power, style, and high tech characterize Tesla. But it's the stunning performance and the ability to travel 300 miles or more on a single charge that closes the deal. The Model 3 is the most affordable Tesla, while the Model S sedan and Model Y and X SUVs cater to customers requiring room for cargo and passengers."
Dodge,"Dodge is the traditional American performance brand for newly formed Stellantis, which combines Fiat Chrysler Automobiles with France's PSA Group. The retro-themed Challenger coupe and Charger sedan serve as the lineup's anchors, but the big 7-passenger Durango SUV also gets plenty of muscle to go with the same Hellcat Hemi V8 used in the car lineup. It also offers the Journey crossover SUV to meet people-moving needs."
Ford,"Ford has a proud heritage of building iconic American vehicles, from its famous Mustang sports car to the best-selling F-150 full-size truck and GT supercar. As the Blue Oval moves away from building sedans, it's put efforts behind the revived Ranger, family-friendly Explorer, and performance Edge ST. It is also betting on the Bronco off-roader's return to challenge Jeep while pushing into the EV category with the groundbreaking Mustang Mach-E."
Chevrolet,"As GM's mainstream brand, Chevrolet builds everything from affordable long-range electric vehicles like the Bolt and Bolt EUV to full-size pickups and SUVs in the Silverado, Tahoe, and Suburban. Chevrolet also makes what many refer to as ""America's sports car,"" the new mid-engine Corvette, as well as the legendary Camaro. While other domestic automakers are giving up cars, Chevy continues to offer the Malibu sedan."
Honda,"Honda is value, and then you inevitably think of Honda reliability. Honda was founded in 1948 and has quickly grown into one of the largest auto manufacturers in the world. Based in Tokyo, Japan, Honda produces practical cars, trucks, SUVs, motorcycles and vans that are safe, fuel-efficient and easy to maintain."
Toyota,"Toyota earned its reputation for reliable vehicles, including the Camry, Highlander, Corolla, Avalon and Tundra -- and the newest model, the Toyota Avalon hybrid. Toyota has taken the role as the number one car manufacturer in the world and is also a leader in the hybrid vehicle market"
Subaru,"Subaru, a Japanese manufacturer, is known for being one of the top vehicles in the rally racing community. The use of its exclusive symmetrical all-wheel drive system and powerful boxer engine has made Subaru one of the most formidable names in racing. Safety and handling characteristics of the symmetrical all-wheel drive system make Subaru one of the safest and most-repurchased vehicles on the road."
Jeep,"Jeep, a division of Chrysler, is the off-road iconoclast founded in 1941. Jeep has roots that come from the Military which explains why the SUVs are still such able, rugged vehicles to this day. The term Jeep is synonymous with off-road vehicles and the capability to go almost anywhere."
BMW,"BMW's luxury cars and uniquely styled SUVs are powerful performers with highly-crafted detailed car buyer options. BMW also produces many of its vehicles in the United States, including the BMW X5 and BMW X6."
Mazda,"A Japanese car maker founded in 1920 and formally entering the North American market in 1970, Mazda produces stylish and sporty cars, trucks, vans, and SUVs at a relatively affordable price."
Tesla,"Based in the Silicon Valley area of California and incorporated in 2003, Tesla Motors is named in honor of famed electrical engineer Nikola Tesla and has quickly put its mark on the automotive world by producing all-electric cars with zero emissions. The cars being produced by Tesla are stylish and sporty yet require no gasoline to power them."
Dodge,"Dodge has been around since the early days of the auto industry. In the past couple of decades, it has revitalized itself to be a producer of aggressively styled and performance-oriented vehicles."
Ford,"With its updated models and prices, Ford continues to be one of the earliest car & truck manufacturers (e.g., Ford F-150) in the world. Ford Motor Co. was founded in Dearborn, Michigan in 1903 by Henry Ford. Poised to evolve with constantly changing consumer demands, Ford offers vehicles with a variety of engine sizes, body styles, seating configurations and transmissions as well as hybrid gasoline-electric powertrains. "
Chevrolet,"Chevy's vehicle line-up is distinctly diverse: there's the electric Chevy Volt, the Silverado 1500 truck, the urban Chevy Sonic, and always the large-scale ""truckwagon"" Chevy Suburban. "